Retiro,
Beneficio fiscal,
Impuestos,
Especialistas,
Mercados,
Coronavirus ,
Recomendaciones,
Patrimonio,
Diversificación,
Ahorro,
Inversión,
Fondos de inversión,
Largo plazo,
recomendación,
Portafolios de inversión,
Educación,
Hijos,
Burbujas Financieras,
Riesgo,
Herencia,
Estrategia,
Errores de inversión,
Bienes Inmuebles,
Pensión,
Jubilación,
Presupuesto,
Acompañamiento,
Asesoría,
Aguinaldo,
Plan de inversión,
PPR,
Experto,
Soluciones personalizadas,
Fondo disponibilidad,
Imprevistos,
Emergencias ,
Seguro de vida,
Póliza,
Inflación,
INEGI,
Inflación personal,
Propósitos,
2021